Date,Year,Month,Elec_price,CO2_price,Gas_price,Coal_price,Brent_price,Coal_gen,Coal_cap,Coal_LF,CCGT_gen,CCGT_cap,CCGT_LF,Fuel_gen,Fuel_cap,Fuel_LF,Nuclear_gen,Nuclear_cap,Nuclear_LF,Hydro_gen,Hydro_cap,Hydro_LF,Wind_gen,Wind_cap,Wind_LF,PV_gen,PV_cap,PV_LF,CSP_gen,CSP_cap,CSP_LF,Cogen_gen,Cogen_cap,Cogen_LF,OtherRES_gen,OtherRES_cap,OtherRES_LF,Waste_gen,Waste_cap,Waste_LF,Demand
2000-1,2000,Jan,32.33,0,11.06,32.68,27.58,6647,11542,0.77,0,0,0,1114,8214,0.18,5459,7799,0.94,2877.84,16524,0.23,305,1705.05,0.24,0,0,0,0,0,0,1566,4240.49,0.5,78,88.33,1.19,18.88,29.28,0.87,17848.18
2000-2,2000,Feb,35.05,0,11.06,34.68,30.03,6310,11542,0.81,0,0,0,491,8214,0.09,5121,7799,0.98,1881.36,16524,0.17,295,1742.85,0.25,0,0,0,0,0,0,1436,4278.33,0.5,72,88.33,1.21,11.82,29.28,0.6,15690.15
2000-3,2000,Mar,37.54,0,11.42,36.76,29.72,6445,11542,0.75,0,0,0,1133,8214,0.19,4959,7799,0.85,1816.15,16524,0.15,338,1856.99,0.24,0,0,0,0,0,0,1554,4312.62,0.48,82,90.28,1.22,13.19,29.28,0.61,16383.46
2000-4,2000,Apr,32.07,0,11.55,37.42,24.66,5441,11542,0.65,0,0,0,725,8214,0.12,4468,7799,0.8,2631.07,16524,0.22,416,1912.91,0.3,0,0,0,0,0,0,1468,4420.78,0.46,76,95.55,1.1,17.45,29.28,0.83,15202.17
2000-5,2000,May,24.37,0,11.23,37.74,29.8,4906,11542,0.57,0,0,0,174,8214,0.03,4874,7799,0.84,3839.13,16524,0.31,227,1948.21,0.16,0,0,0,0,0,0,1468,4461.6,0.44,57,95.55,0.8,16.49,33.31,0.67,15565.92
2000-6,2000,Jun,26.33,0,11.28,38.35,32.21,5885,11542,0.71,0,0,0,674,8214,0.11,5232,7799,0.93,2627.08,16524,0.22,366,2006.53,0.25,0,0,0,0,0,0,1425,4491.77,0.44,65,98.75,0.91,15.05,33.31,0.63,16093.05
2000-7,2000,Jul,29.54,0,11.48,39.11,31.01,6534,11542,0.76,0,0,0,890,8214,0.15,5359,7799,0.92,1999.1,16524,0.16,360,2017.33,0.24,0,0,0,0,0,0,1438,4567.27,0.42,80,98.75,1.09,13.73,33.31,0.55,16575.97
2000-8,2000,Aug,27.64,0,11.67,39.07,32.65,6263,11542,0.73,0,0,0,737,8214,0.12,5001,7799,0.86,1951.26,16524,0.16,316,2091.25,0.2,0,0,0,0,0,0,1347,4616.37,0.39,78,99.75,1.05,13.51,33.31,0.55,15637.91
2000-9,2000,Sep,38.71,0,11.82,40.38,35.84,6675,11542,0.8,0,0,0,1450,8214,0.25,4031,7799,0.72,2041.26,16524,0.17,276,2202.98,0.17,0,0,0,0,0,0,1375,4637.89,0.41,86,132.15,0.9,14.47,33.31,0.6,16002.35
2000-10,2000,Oct,39.87,0,12.2,43.97,33.47,6593,11542,0.77,0,0,0,931,8214,0.15,4408,7799,0.76,2018.69,16524,0.16,410,2202.98,0.25,0,0,0,0,0,0,1450,4650.32,0.42,92,134.16,0.92,11.75,47.45,0.33,15963.71
2000-11,2000,Nov,36.68,0,12.73,45.91,35.19,6222,11542,0.75,0,0,0,755,8214,0.13,5065,7799,0.9,2854.38,16524,0.24,544,2235.32,0.34,0,0,0,0,0,0,1350,4814.59,0.39,97,137.5,0.98,23.3,72.2,0.45,16908.23
2000-12,2000,Dec,21.82,0,13.14,46.24,27.56,4308,11542,0.5,0,0,0,491,8214,0.08,5553,7799,0.96,5141.43,16524,0.42,609,2283.27,0.36,0,0,0,0,0,0,1482,4930.42,0.4,99,147.65,0.9,24.17,81.08,0.4,17134.1
2001-1,2001,Jan,21.84,0,13.38,46.9,28.6,3864,11565,0.45,0,0,0,502,8214,0.08,5502,7816,0.95,6835.94,16579,0.55,595,2357.57,0.34,0,0,0,0,0,0,1508,4911.94,0.41,114,149.76,1.02,37.05,81.08,0.61,18290.92
2001-2,2001,Feb,20.45,0,13.18,45.96,30.69,3418,11565,0.44,0,0,0,407,8214,0.07,4781,7816,0.91,6122.28,16579,0.55,574,2484.69,0.34,0,0,0,0,0,0,1419,4969.44,0.42,103,155.76,0.98,30.15,99.79,0.45,16494.73
2001-3,2001,Mar,18.25,0,12.98,46.5,27.34,3396,11565,0.39,0,0,0,415,8214,0.07,4682,7816,0.81,7028.47,16579,0.57,654,2596.59,0.34,0,0,0,0,0,0,1478,4993.32,0.4,115,156.76,0.99,37.01,103.86,0.48,17243.79
2001-4,2001,Apr,20.84,0,12.46,46.18,28.63,3806,11565,0.46,0,0,0,163,8214,0.03,4579,7816,0.81,4628.98,16579,0.39,650,2597.25,0.35,0,0,0,0,0,0,1390,4993.32,0.39,107,156.76,0.95,35.95,103.86,0.48,15533.35
2001-5,2001,May,27.31,0,11.96,46.66,31.6,4867,11565,0.57,0,0,0,332,8214,0.05,5513,7816,0.95,3631.49,16579,0.29,424,2691.84,0.21,0,0,0,0,0,0,1477,5190.31,0.38,116,156.76,0.99,41.32,109.98,0.5,16693.17
2001-6,2001,Jun,36.85,0,11.57,46.33,31.08,5835,11565,0.7,0,0,0,1149,8214,0.19,5104,7816,0.91,2791.39,16579,0.23,409,2803.26,0.2,0,0,0,0,0,0,1416,5286.36,0.37,163,161.99,1.4,42.37,109.98,0.54,17087.27
2001-7,2001,Jul,36.03,0,11.51,44.72,27.47,6386,11565,0.74,0,0,0,1352,8214,0.22,5433,7816,0.93,2327.88,16579,0.19,400,2909.2,0.18,0,0,0,0,0,0,1480,5340.6,0.37,164,176.99,1.25,46.74,124.98,0.5,17645.78
2001-8,2001,Aug,29.91,0,11.46,42.3,28.66,6262,11565,0.73,0,0,0,1202,8214,0.2,5309,7816,0.91,2180.34,16579,0.18,375,2928.7,0.17,0,0,0,0,0,0,1313,5391.08,0.33,143,176.99,1.09,49.55,124.98,0.53,16750.48
2001-9,2001,Sep,37.91,0,11.4,41.27,28.59,6594,11565,0.79,0,0,0,1299,8214,0.22,4702,7816,0.84,1781.2,16579,0.15,612,2967.95,0.29,0,0,0,0,0,0,1434,5393.18,0.37,175,209.63,1.16,50.49,139.98,0.5,16494.34
2001-10,2001,Oct,40.47,0,11.48,40.22,22.92,6586,11565,0.77,0,0,0,1281,8214,0.21,4738,7816,0.81,2058.21,16579,0.17,575,3043.33,0.25,0,0,0,0,0,0,1553,5393.69,0.39,184,212.14,1.17,60.27,139.98,0.58,16731.56
2001-11,2001,Nov,36.46,0,11.24,38.87,20.98,6448,11565,0.77,0,0,0,1320,8214,0.22,5174,7816,0.92,2291.65,16579,0.19,769,3181.3,0.34,0,0,0,0,0,0,1586,5342.63,0.41,171,230.14,1.03,61.35,156.65,0.54,17806.42
2001-12,2001,Dec,48.92,0,10.72,37.76,20.87,6986,11565,0.81,0,0,0,2157,8214,0.35,5468,7816,0.94,2035.92,16579,0.17,558,3495.5,0.21,0,0,0,0,0,0,1580,5345.5,0.4,183,230.79,1.07,56.39,156.65,0.48,18871.05
2002-1,2002,Jan,61.97,0,12.2,36.32,20.54,6959,11565,0.81,0,80,0,2664,8109,0.44,5520,7816,0.95,1822.6,16586,0.15,657,3527.82,0.25,0,0,0,0,0,0,1754,5369.4,0.44,102,262.3,0.52,63.46,156.65,0.54,19330.77
2002-2,2002,Feb,38.2,0,11.87,36.12,21.44,6404,11565,0.82,0,80,0,1620,8109,0.3,4775,7816,0.91,1555.95,16586,0.14,783,3548.94,0.33,0,0,0,0,0,0,1624,5390.32,0.45,104,262.77,0.59,63.84,166.65,0.57,16985.46
2002-3,2002,Mar,34.31,0,11.59,35.69,25.06,6859,11565,0.8,0,80,0,1419,8109,0.24,4207,7816,0.72,2247.47,16586,0.18,796,3627.72,0.29,0,0,0,0,0,0,1752,5398.26,0.44,115,293.3,0.53,79.33,166.65,0.64,17621.92
2002-4,2002,Apr,38.68,0,11.41,34.63,27.21,6465,11565,0.78,0,80,0,1389,8109,0.24,4214,7816,0.75,2217.5,16586,0.19,619,3640.32,0.24,0,0,0,0,0,0,1752,5444.38,0.45,113,295.56,0.53,80.54,166.65,0.67,16999.54
2002-5,2002,May,38.71,0,10.91,32.25,26.83,6437,11565,0.75,122,480,0.34,1087,8109,0.18,4779,7816,0.82,2394.53,16586,0.19,821,3925.25,0.28,0,0,0,0,0,0,1748,5447.62,0.43,117,303.83,0.52,83.19,173.72,0.64,17172.14
2002-6,2002,Jun,41.24,0,10.76,30.26,25.45,6061,11565,0.73,305,480,0.88,1640,8109,0.28,5056,7816,0.9,2424.27,16586,0.2,646,4006.03,0.22,0,0,0,0,0,0,1607,5462.67,0.41,107,306.69,0.48,75.58,173.72,0.6,17360.92
2002-7,2002,Jul,45.62,0,10.88,28.56,27.22,6297,11565,0.73,521,880,0.8,1897,8109,0.31,5461,7816,0.94,1887.8,16586,0.15,694,4185.97,0.22,0,0,0,0,0,0,1732,5576.89,0.42,126,322.69,0.52,81.11,197.4,0.55,18454.25
2002-8,2002,Aug,30.59,0,10.81,27.34,28.19,6143,11565,0.71,763,1299,0.79,890,8109,0.15,5342,7816,0.92,1471.61,16586,0.12,598,4415.14,0.18,0,0,0,0,0,0,1586,5604.51,0.38,138,322.69,0.57,89.14,200.11,0.6,16568.3
2002-9,2002,Sep,36.34,0,10.68,30.84,30.04,6406,11565,0.77,1166,2099,0.77,1208,8109,0.21,4585,7816,0.81,1477.73,16586,0.12,505,4552.19,0.15,0,0,0,0,0,0,1676,5638.65,0.41,128,330.74,0.54,92.53,204.39,0.63,16982.74
2002-10,2002,Oct,33.71,0,11.27,36.54,29.13,5955,11565,0.69,1151,2099,0.74,879,8109,0.15,5398,7816,0.93,1645.62,16586,0.13,869,4673.29,0.25,0,0,0,0,0,0,1904,5645.23,0.45,131,353.14,0.5,83.54,204.99,0.55,17645.61
2002-11,2002,Nov,28.29,0,11.95,36.24,25.74,6040,11565,0.73,610,2899,0.29,478,8109,0.08,5372,7816,0.95,2435.51,16586,0.2,1057,4728.87,0.31,0,0,0,0,0,0,1847,5595.81,0.46,129,353.47,0.51,100.07,233.19,0.6,17885.44
2002-12,2002,Dec,21,0,12.32,37,30.1,4529,11565,0.53,518,2899,0.24,376,8109,0.06,5579,7816,0.96,4789.11,16586,0.39,1215,5053.85,0.32,0,0,0,0,0,0,1850,5595.81,0.44,143,353.47,0.54,101.23,326.46,0.42,18509.15
2003-1,2003,Jan,20,0,12.08,32.28,27.56,4692,11565,0.55,437,2899,0.2,581,6542,0.12,5509,7816,0.95,6121.84,16657,0.49,1395,5083.6,0.37,0,0,0,0,0,0,1950,5619.27,0.47,125,357.05,0.47,111.73,326.46,0.46,20205.53
2003-2,2003,Feb,25.43,0,12.08,31.46,28.96,5218,11565,0.65,846,2899,0.42,499,6542,0.11,4936,7816,0.91,4737.05,16657,0.41,998,5177.75,0.28,0,0,0,0,0,0,1795,5629.12,0.46,126,383.05,0.47,116.32,342.96,0.49,18769.45
2003-3,2003,Mar,24.48,0,11.85,29.84,27.05,5239,11565,0.61,762,2899,0.35,206,6542,0.04,4672,7816,0.8,4926.71,16657,0.4,838,5335.65,0.21,0,0,0,0,0,0,1917,5629.12,0.46,141,422,0.45,152.18,342.96,0.6,18425.29
2003-4,2003,Apr,21.46,0,11.99,29.1,22.15,4917,11565,0.59,387,2899,0.19,79,6542,0.02,4667,7816,0.83,4104.79,16657,0.34,1138,5448.35,0.29,0,0,0,0,0,0,1864,5647.8,0.46,136,424.3,0.45,153.73,342.96,0.62,17004.4
2003-5,2003,May,24.54,0,12.37,30.43,22.85,5209,11565,0.61,799,2899,0.37,237,6542,0.05,4789,7816,0.82,3952.33,16657,0.32,902,5566.55,0.22,0,0,0,0,0,0,1892,5662.51,0.45,148,449.19,0.44,171.97,359.6,0.64,17750.59
2003-6,2003,Jun,36.87,0,11.96,33.19,24.44,6150,11565,0.74,1781,3299,0.75,1224,6542,0.26,4456,7816,0.79,2693.78,16657,0.22,703,5587.95,0.17,0,0,0,0,0,0,1806,5662.51,0.44,136,449.19,0.42,160.72,376.04,0.59,18913.17
2003-7,2003,Jul,37.24,0,11.54,35.12,25.05,6650,11565,0.77,1927,4164,0.62,1187,6542,0.24,5408,7816,0.93,2307.33,16657,0.19,727,5637.15,0.17,0,0,0,0,0,0,1914,5660.47,0.45,146,449.19,0.44,194.09,390.84,0.67,20073.3
2003-8,2003,Aug,37.98,0,11.29,37.23,26.41,6646,11565,0.77,1794,4707,0.51,1068,6542,0.22,5310,7816,0.91,1818.15,16657,0.15,544,5819.11,0.13,0,0,0,0,0,0,1745,5665.47,0.41,152,454.23,0.45,194.99,398.24,0.66,18735.66
2003-9,2003,Sep,37.8,0,11.42,40.9,23.96,6560,11565,0.79,2025,4782,0.59,943,6542,0.2,4126,7816,0.73,1992.16,16657,0.17,781,5906.51,0.18,0,0,0,0,0,0,1904,5666.43,0.47,155,454.23,0.47,196.74,398.24,0.69,18193.47
2003-10,2003,Oct,34.12,0,11.12,51.74,26.16,6464,11565,0.75,1796,4782,0.5,648,6542,0.13,4544,7816,0.78,2303.61,16657,0.19,1087,6132.62,0.24,0,0,0,0,0,0,2076,5673.33,0.49,162,454.85,0.48,218.18,412.38,0.71,18747.09
2003-11,2003,Nov,25.82,0,10.79,54.18,25.41,5574,11565,0.67,1208,4782,0.35,348,6542,0.07,5301,7816,0.94,3552.9,16657,0.3,1173,6216.37,0.26,0,0,0,0,0,0,1959,5673.68,0.48,144,454.85,0.44,202.6,412.38,0.68,18897.62
2003-12,2003,Dec,21.6,0,10.62,55.71,26.34,4974,11565,0.58,864,4782,0.24,410,6542,0.08,5502,7816,0.95,5304.63,16657,0.43,1434,6312.42,0.31,0,0,0,0,0,0,2024,5673.68,0.48,165,454.85,0.49,195.34,422.58,0.62,20134.92
2004-1,2004,Jan,24.05,0,10.36,55.3,25.16,5656,11565,0.66,1542,4782,0.43,431,6930,0.08,5461,7876,0.93,4096.26,16657,0.33,1685,6417.79,0.35,0,0,0,0,0,0,2047,5672.48,0.49,166,454.85,0.49,205.33,422.58,0.65,20333.89
2004-2,2004,Feb,24.24,0,10.34,55.34,24.82,5871,11565,0.76,1943,4782,0.6,345,6930,0.07,5126,7876,0.97,3611.32,16657,0.32,1074,6474.49,0.25,0,0,0,0,0,0,1962,5672.48,0.51,141,456.31,0.46,192.09,422.58,0.68,19481.81
2004-3,2004,Mar,29.52,0,10.34,53.45,27.05,6356,11565,0.74,2273,4782,0.64,608,6930,0.12,4949,7876,0.84,3454.71,16657,0.28,1281,6765,0.25,0,0,0,0,0,0,2108,5713.66,0.5,163,456.31,0.48,217.99,426.65,0.69,20593.62
2004-4,2004,Apr,23.12,0,10.27,52.63,27.01,5163,11565,0.62,1822,4782,0.53,175,6930,0.04,5127,7876,0.9,3282.2,16657,0.27,1519,6859.15,0.31,0,0,0,0,0,0,1980,5714.59,0.48,158,456.31,0.48,209.84,426.65,0.68,18262.42
2004-5,2004,May,23.97,0,10.43,53.71,30.21,5314,11565,0.62,2011,4782,0.57,313,6930,0.06,4825,7876,0.82,3655.23,16657,0.29,1019,6972.65,0.2,0,0,0,0,0,0,1934,5717.59,0.45,158,458.7,0.46,213.1,456.65,0.63,18519.08
2004-6,2004,Jun,27.25,0,10.49,58.32,28.29,5887,11565,0.71,2318,5592,0.58,738,6930,0.15,5120,7876,0.9,3082.74,16657,0.26,1048,7270.95,0.2,0,0,0,0,0,0,1818,5717.29,0.44,142,466.5,0.42,217.31,456.65,0.66,19383.85
2004-7,2004,Jul,27.32,0,10.51,62.28,30.74,6546,11565,0.76,2722,5996,0.61,1091,6930,0.21,5506,7876,0.94,2420.67,16657,0.2,970,7455.87,0.17,0,0,0,0,0,0,1921,5718.28,0.45,143,466.49,0.41,229.21,456.65,0.67,20653.46
2004-8,2004,Aug,26.37,0,10.92,61.26,34.38,6332,11565,0.74,2333,5996,0.52,715,6930,0.14,5391,7876,0.92,2044.24,16657,0.16,1114,7679.57,0.19,0,0,0,0,0,0,1769,5724.36,0.42,139,466.8,0.4,226.64,457.67,0.67,18986.62
2004-9,2004,Sep,33.9,0,11.01,59.44,34.74,6239,11565,0.75,2922,5996,0.68,947,6930,0.19,4699,7876,0.83,1828.77,16657,0.15,1148,7874.34,0.2,0,0,0,0,0,0,1827,5770.25,0.44,149,468.35,0.44,228.71,472.61,0.67,19299.56
2004-10,2004,Oct,29.8,0,11.23,59.45,40.03,6191,11565,0.72,2845,5996,0.64,579,6930,0.11,4457,7876,0.76,2059.67,16657,0.17,1635,8047.24,0.27,0,0,0,0,0,0,1982,5779.79,0.46,153,468.35,0.44,238.44,474.18,0.68,19135.4
2004-11,2004,Nov,31.28,0,11.57,62.46,34.67,5967,11565,0.72,2763,5996,0.64,466,6930,0.09,5065,7876,0.89,2657.99,16657,0.22,1511,8122.34,0.26,0,0,0,0,0,0,2074,5795.25,0.5,148,470.06,0.44,240.49,474.18,0.7,20211.82
2004-12,2004,Dec,34.33,0,11.84,61.86,31.85,6597,11565,0.77,2818,6397,0.59,683,6930,0.13,5151,7876,0.88,2179.25,16657,0.18,1747,8525.16,0.28,0,0,0,0,0,0,2106,5795.43,0.49,159,470.06,0.45,240.71,474.18,0.68,21137.93
2005-1,2005,Jan,42.69,7.5,12.15,55.06,35.59,6811,11565,0.79,3348,6862,0.66,916,6647,0.19,5568,7876,0.95,1966.1,16657,0.16,1879,8692.21,0.29,0,0,0,0,0,0,2043,5800.27,0.47,175,470.36,0.5,244.58,476.81,0.69,22530.41
2005-2,2005,Feb,46.69,7.5,12.33,52.04,36.53,6089,11565,0.78,3358,8057,0.62,1095,6647,0.25,4881,7876,0.92,1853.42,16657,0.17,1745,8809.91,0.29,0,0,0,0,0,0,1952,5780.75,0.5,151,482.59,0.47,224.31,494.07,0.68,21052.74
2005-3,2005,Mar,53.65,10,12.4,53.38,42.65,6169,11565,0.72,3346,8057,0.56,1364,6647,0.28,4397,7876,0.75,2162.36,16657,0.17,1764,9013.37,0.26,0,0,0,0,0,0,2096,5802.85,0.49,177,482.11,0.49,255.09,492.59,0.7,21103.81
2005-4,2005,Apr,43.96,16.69,12.63,53.85,41.67,5507,11565,0.66,3237,8857,0.51,372,6647,0.08,3772,7876,0.67,2429.98,16657,0.2,1926,9193.44,0.29,0,0,0,0,0,0,2040,5816.25,0.49,160,488.47,0.45,255.33,515.38,0.69,19100.03
2005-5,2005,May,45.05,17.6,12.76,52.16,39.07,5677,11565,0.66,3507,8857,0.53,522,6647,0.11,3619,7876,0.62,2647.73,16657,0.21,1492,9230.79,0.22,0,0,0,0,0,0,2040,5825.42,0.47,172,489.43,0.47,271.26,515.38,0.71,19255.98
2005-6,2005,Jun,60.57,21.28,12.85,48.88,43.66,5759,11565,0.69,4645,9333,0.69,1161,6647,0.24,3779,7876,0.67,2275.65,16657,0.19,1261,9445.49,0.19,0,0,0,0,0,0,1920,5826.24,0.46,163,491.52,0.46,251.04,530.02,0.66,20562.73
2005-7,2005,Jul,64.4,24.6,13.76,50.44,46.2,6258,11565,0.73,5188,9733,0.72,1354,6647,0.27,3888,7876,0.66,1801.8,16657,0.15,1611,9528.17,0.23,0,0,0,0,0,0,1936,5826.24,0.45,168,491.52,0.46,259.96,530.02,0.66,21572.72
2005-8,2005,Aug,51.16,22.05,14.71,47.45,51.39,5758,11565,0.67,4425,9733,0.61,408,6647,0.08,4532,7876,0.77,1442.11,16657,0.12,1640,9639.62,0.23,0,0,0,0,0,0,1786,5831.29,0.41,173,493.7,0.47,271.86,530.02,0.69,19583.98
2005-9,2005,Sep,56.71,22.8,14.7,46.6,50.53,5916,11565,0.71,4433,9733,0.63,515,6647,0.11,5110,7876,0.9,1184.92,16657,0.1,1271,9689.32,0.18,0,0,0,0,0,0,1917,5837.77,0.46,160,493.7,0.45,279.09,530.02,0.73,19539.29
2005-10,2005,Oct,51.62,22.65,14.88,43.91,47.02,6142,11565,0.71,4075,9733,0.56,358,6647,0.07,4710,7876,0.8,1205.08,16657,0.1,1903,9771.62,0.26,0,0,0,0,0,0,1838,5840.86,0.42,153,493.7,0.42,284.12,530.02,0.72,19277.6
2005-11,2005,Nov,57.52,21.54,16.26,41.21,44.37,6328,11565,0.76,4171,10533,0.55,421,6647,0.09,5173,7876,0.91,1734.76,16657,0.14,1959,9795.38,0.28,0,0,0,0,0,0,1867,5845.71,0.44,166,499.98,0.46,280.14,530.02,0.73,20700.75
2005-12,2005,Dec,69.35,21.33,16.31,41.7,45.66,6581,11565,0.76,4114,10533,0.52,809,6647,0.16,5471,7876,0.93,2118.15,16657,0.17,2405,9843.53,0.33,0,0,0,0,0,0,1829,5807.81,0.42,171,499.98,0.46,292.43,543.02,0.72,22537.72
2006-1,2006,Jan,73.14,24.7,18.3,43.16,50.15,6887,11424,0.81,5550,10533,0.71,761,6647,0.15,5421,7716,0.94,2067.38,16657,0.17,1564,10243.41,0.21,0,0,0,0,0,0,1998,5799.54,0.46,172,500.46,0.46,285.55,543.02,0.71,23336.67
2006-2,2006,Feb,72.62,26.88,18.37,48.24,47.94,5775,11424,0.75,5483,11733,0.7,628,6647,0.14,4885,7716,0.94,1584.67,16657,0.14,1925,10433.66,0.27,0,0,0,0,0,0,1940,5846.04,0.49,165,514.76,0.48,277.3,577.16,0.71,21134.76
2006-3,2006,Mar,50.27,27.07,17.59,51.83,49.42,4766,11424,0.56,4705,12565,0.5,292,6647,0.06,5073,7716,0.88,3294.64,16657,0.27,2788,10568.3,0.35,0,0,0,0,0,0,2060,5846.04,0.47,179,514.76,0.47,298.93,592.16,0.68,21822.43
2006-4,2006,Apr,50.34,27.18,17.89,50.32,55.91,3496,11424,0.43,4651,12965,0.5,282,6647,0.06,3529,7716,0.64,2950.31,16657,0.25,1956,10772.2,0.25,0,0,0,0,0,0,1911,5849.72,0.45,172,515.56,0.46,281.93,592.16,0.66,18563.53
2006-5,2006,May,49.06,15.09,17.34,47.64,55.56,5080,11424,0.6,4930,13817,0.48,231,6647,0.05,4300,7716,0.75,2364.47,16657,0.19,1671,10824.85,0.21,0,0,0,0,0,0,1907,5847.11,0.44,185,515.66,0.48,296.19,592.16,0.67,20284.3
2006-6,2006,Jun,46.89,15.31,16.78,50.09,54.59,5563,11424,0.68,5470,13817,0.55,522,6647,0.11,4843,7716,0.87,1774.71,16657,0.15,1364,10922.15,0.17,0,0,0,0,0,0,1747,5861.1,0.41,201,515.76,0.54,272.1,592.16,0.64,20799.39
2006-7,2006,Jul,50.52,16.55,18.02,50.15,58.67,6510,11424,0.77,6664,14622,0.61,1004,6647,0.2,4776,7716,0.83,1882.23,16657,0.15,1172,11001.06,0.14,0,0,0,0,0,0,1731,5877.91,0.4,195,526.71,0.5,263.62,592.16,0.6,22976.8
2006-8,2006,Aug,45.77,16.08,18.13,55.97,58.31,5287,11424,0.62,4828,14622,0.44,339,6647,0.07,5165,7716,0.9,1327.69,16657,0.11,2178,11128.51,0.26,0,0,0,0,0,0,1636,5885.24,0.37,181,540.08,0.45,270.66,614.36,0.59,20553.54
2006-9,2006,Sep,52.47,16.05,18.52,52.19,49.34,5409,11424,0.66,6324,14622,0.6,761,6647,0.16,4299,7716,0.77,1468.08,16657,0.12,1466,11264.96,0.18,0,0,0,0,0,0,1728,5887.11,0.41,181,540.08,0.47,265.55,614.36,0.6,20776.16
2006-10,2006,Oct,44.34,12.26,18.29,52.99,46.03,4807,11424,0.57,5050,15022,0.45,341,6647,0.07,4620,7716,0.8,2024.13,16657,0.16,2335,11373.27,0.28,0,0,0,0,0,0,1850,5883.26,0.42,197,540.08,0.49,284.89,614.36,0.62,20305.57
2006-11,2006,Nov,36.37,9.14,18.9,53.87,46.79,4258,11424,0.52,4256,16222,0.36,131,6647,0.03,5069,7716,0.91,3369.79,16657,0.28,2280,11472.47,0.28,0,0,0,0,0,0,1884,5878.56,0.45,176,540.08,0.45,294.06,614.36,0.66,20451.41
2006-12,2006,Dec,36.05,6.84,18.76,54.18,49.72,4288,11424,0.5,4211,16222,0.35,106,6647,0.02,5375,7716,0.94,5200.88,16657,0.42,2183,11889.35,0.25,0,0,0,0,0,0,1925,5877.57,0.44,179,541.12,0.44,301.65,629.08,0.64,22739.37
2007-1,2007,Jan,45.86,3.85,19.09,49.87,39.17,6103,11424,0.72,6047,16222.36,0.5,103,6647,0.02,5319,7716,0.93,2542.5,16657,0.21,2150,12009.65,0.24,10,164.87,0.08,0,0,0,1985,5863.68,0.46,195,542.75,0.48,311.51,609.09,0.69,24077.78
2007-2,2007,Feb,35.96,1.28,17.75,50.36,42,4895,11424,0.64,3813,16722.36,0.34,220,6647,0.05,4778,7716,0.92,3306.27,16657,0.3,2872,12188.65,0.35,12,188.94,0.09,0,0,0,1757,5850.27,0.45,171,542.75,0.47,287.21,634.08,0.67,21094.99
2007-3,2007,Mar,29.68,1.14,17.28,52.08,45.28,4864,11424,0.57,3824,16722.36,0.31,191,6647,0.04,4947,7716,0.86,4203.54,16657,0.34,3086,12361.43,0.34,21,211.94,0.13,0,0,0,1866,5818.05,0.43,197,545.51,0.49,309.14,663.6,0.63,22483.1
2007-4,2007,Apr,36.66,0.72,16.92,53.03,49.31,5835,11424,0.71,4055,17222.36,0.33,113,6647,0.02,4343,7716,0.78,3073.94,16657,0.26,1356,12447.47,0.15,24,237.86,0.14,0,0,0,1832,5826.32,0.44,184,546.55,0.47,289.15,663.6,0.61,20147.51
2007-5,2007,May,33.13,0.26,15.5,52.57,49.05,5992,11424,0.7,4329,17222.36,0.34,166,6647,0.03,3485,7716,0.61,3110.09,16657,0.25,2606,12504.67,0.28,34,261.02,0.18,0,0,0,1830,5830.44,0.42,197,547.02,0.48,311.25,663.6,0.63,20744.26
2007-6,2007,Jun,37.4,0.19,16.04,55.64,51.85,5774,11424,0.7,6169,17645.76,0.49,84,6647,0.02,3161,7716,0.57,2558.79,16657,0.21,1786,12671.57,0.2,39,326.38,0.17,0,0,0,1894,5991.06,0.44,193,554.13,0.48,271.71,543.21,0.69,20966.02
2007-7,2007,Jul,38.48,0.13,15.65,57.88,56.14,5941,11424,0.7,6584,18069.16,0.49,273,6647,0.06,3856,7716,0.67,2709.54,16657,0.22,1889,12905.92,0.2,50,380.98,0.18,0,0,0,1990,6000.42,0.45,203,554.13,0.49,279.72,543.21,0.69,22775.44
2007-8,2007,Aug,35.05,0.1,16,62.24,51.64,5886,11424,0.69,5146,18069.16,0.38,213,6647,0.04,3977,7716,0.69,2046.75,16657,0.17,2420,12996.92,0.25,54,418.75,0.17,0,0,0,1869,6003.6,0.42,203,554.13,0.49,276.42,536.14,0.69,21049.42
2007-9,2007,Sep,35.8,0.08,16.74,67.67,56.32,5490,11424,0.67,5638,18492.56,0.42,233,6647,0.05,4877,7716,0.88,1626.66,16657,0.14,2029,13116.37,0.21,58,457.1,0.18,0,0,0,1956,6014.89,0.45,191,554.13,0.48,269.82,534.6,0.7,20698.37
2007-10,2007,Oct,38.38,0.07,16.67,81.13,60.09,5349,11424,0.63,6092,18492.56,0.44,127,6647,0.03,4891,7716,0.85,1947.04,16657,0.16,1908,13254.19,0.19,56,520.67,0.14,0,0,0,2103,6021.13,0.47,224,554.13,0.54,274.76,532.57,0.69,21185
2007-11,2007,Nov,47.3,0.08,17.88,93.05,67.44,5486,11424,0.67,7608,18492.56,0.57,199,5894,0.05,3934,7716,0.71,1622.05,16657,0.14,2752,13550.93,0.28,53,588.18,0.13,0,0,0,2100,6060.76,0.48,204,556.83,0.51,262.22,532.57,0.68,22470.26
2007-12,2007,Dec,58.11,9.34,18.3,93.66,66.38,6071,11357,0.72,7270,18492.56,0.53,169,5894,0.04,5070,7716,0.88,1569.34,16657,0.13,2395,14423.41,0.22,53,690.46,0.1,0,0,0,2147,6059.81,0.48,212,556.83,0.51,269.07,532.57,0.68,23580.6
2008-1,2008,Jan,70.22,21.97,18.94,87.76,62.67,4981,11357,0.59,8000,18492.56,0.58,142,5544,0.03,5323,7716,0.93,1709.01,16657,0.14,2651,14685.19,0.24,57,764.9,0.1,0,0,0,2252,6051.67,0.5,218,556.19,0.53,256.7,531.55,0.65,24771.61
2008-2,2008,Feb,68.53,20.65,19.52,96.77,64.58,4598,11357,0.6,7996,18492.56,0.64,124,5544,0.03,5120,7716,0.99,1267.49,16657,0.11,2019,14874.89,0.2,71,836.2,0.13,0,0,0,2227,6075.9,0.55,216,560.54,0.57,252.84,531.55,0.71,22888.92
2008-3,2008,Mar,59.01,21.77,18.97,95.47,70.46,3662,11357,0.43,6775,18892.56,0.48,71,5544,0.02,5355,7716,0.93,1370.14,16657,0.11,4093,14959.49,0.37,104,909.82,0.15,0,0,0,2272,6060.11,0.5,224,561.15,0.54,277.53,531.55,0.7,22660.87
2008-4,2008,Apr,56.18,24.28,19.24,94.69,74.15,3107,11357,0.38,6899,19904.36,0.48,137,5544,0.03,4040,7716,0.73,2908.62,16657,0.24,3353,14999.14,0.31,126,1033.15,0.17,0,0,0,2229,6061.53,0.51,221,559.52,0.55,273.26,531.55,0.71,21757.22
2008-5,2008,May,56.28,25.39,19.9,106.19,83.48,2175,11357,0.26,7196,21504.36,0.45,148,5544,0.04,4690,7716,0.82,3573.36,16657,0.29,1737,15042.91,0.16,132,1196.11,0.15,0,0,0,2107,6130.82,0.46,219,556.76,0.53,270.29,531.55,0.68,21276.7
2008-6,2008,Jun,58.34,27.39,20.46,124.29,89.96,2042,11357,0.25,7596,21504.36,0.49,249,4460,0.08,4580,7716,0.82,3409.57,16657,0.28,2086,15236.96,0.19,190,1441.07,0.18,0,0,0,2079,6120.31,0.47,220,583.38,0.52,240.79,550.52,0.61,21293.47
2008-7,2008,Jul,68.19,25.72,20.72,142.95,90.23,3682,11357,0.44,8864,21985.21,0.54,155,4460,0.05,4541,7716,0.79,2402.95,16657,0.19,2124,15364.88,0.19,232,1946.23,0.16,0,0,0,2218,6124.27,0.49,224,579.23,0.52,273.37,550.52,0.67,23398.01
2008-8,2008,Aug,70.1,23.52,21.82,130.99,76.99,3066,11357,0.36,8223,21985.21,0.5,243,4460,0.07,5014,7716,0.87,1701.26,16657,0.14,1973,15484.48,0.17,288,2471.41,0.16,0,0,0,2017,6119.95,0.44,218,585.18,0.5,276.7,550.52,0.68,21548.9
2008-9,2008,Sep,73.03,23.95,23.41,120.41,66.1,3446,11359,0.42,7818,21985.21,0.49,189,4418,0.06,4482,7716,0.81,1515.37,16657,0.13,2130,15508.63,0.19,317,3105.06,0.14,0,0,0,2178,6165.6,0.49,212,585.18,0.5,255.72,550.52,0.65,20970.89
2008-10,2008,Oct,69.77,21.07,23.99,85.8,48.66,4100,11359,0.49,7214,21985.21,0.44,200,4418,0.06,4314,7716,0.75,1329.72,16657,0.11,2482,15587.68,0.21,320,3326.55,0.13,0,0,0,2359,6161.21,0.51,230,585.18,0.53,279.83,550.52,0.68,20945.58
2008-11,2008,Nov,66.53,17.07,27.11,65.74,35.66,4098,11359,0.5,6826,22385.21,0.42,227,4418,0.07,4046,7716,0.73,1885.42,16657,0.16,3463,15596.15,0.31,324,3374.8,0.13,0,0,0,2314,6157.75,0.52,226,590.6,0.53,234.05,556.58,0.58,21847.42
2008-12,2008,Dec,57.11,15.3,29.37,55.2,27.16,4453,11359,0.53,5694,22385.21,0.34,190,4418,0.06,4956,7716,0.86,2857.97,16657,0.23,3648,15708.58,0.31,244,3397.89,0.1,0,0,0,2325,6167.86,0.51,224,586.6,0.51,246.61,571.38,0.58,23232.69
2009-1,2009,Jan,49.93,13.14,26.29,56.68,31.42,4585,11359,0.54,5970,22385.21,0.36,129,4418,0.04,5438,7716,0.95,2619,16657,0.21,3504,16448.16,0.29,249,3437.95,0.1,1,80.92,0.02,2422,6081.85,0.54,244,576.53,0.57,274.77,571.38,0.65,23605.88
2009-2,2009,Feb,40.71,9.71,21.76,53.92,30.88,3015,11359,0.38,4444,22385.21,0.29,119,4418,0.04,4335,7716,0.81,3756,16657,0.32,3226,16482.76,0.28,380,3442.94,0.16,1,80.92,0.02,2242,6088.31,0.53,231,630.94,0.53,275.57,567.31,0.7,20638.76
2009-3,2009,Mar,38.37,11.56,20.98,44.5,33.49,2965,11359,0.35,5033,22385.21,0.3,192,4418,0.06,3949,7716,0.69,2991,16657,0.24,3101,16749.86,0.25,509,3430.2,0.2,2,82.32,0.03,2407,6076.84,0.53,252,632.8,0.54,306.67,593.83,0.69,20838.31
2009-4,2009,Apr,37.2,13.32,17.54,47.78,36.19,1785,11359,0.22,5434,22480.21,0.34,138,4418,0.04,4063,7716,0.73,2384,16657,0.2,3060,16965.56,0.25,546,3403.87,0.22,7,82.32,0.12,2338,6070.45,0.53,275,638.14,0.6,304.04,608.83,0.69,18841.11
2009-5,2009,May,36.97,14.88,15.67,44.13,41.31,2231,11359,0.26,5603,22980.21,0.33,91,4418,0.03,3688,7716,0.64,2759,16657,0.22,2698,17135.31,0.21,647,3394.65,0.26,8,131.82,0.08,2351,6072.12,0.52,250,639.64,0.53,322.59,644.54,0.67,19485.57
2009-6,2009,Jun,36.82,13.48,14.73,47.91,49.21,2454,11359,0.3,7621,22980.21,0.46,147,4418,0.05,3530,7716,0.64,2285,16657,0.19,2332,17303.01,0.19,619,3397.32,0.25,7,181.72,0.05,2310,6081.67,0.53,229,641.18,0.5,323.63,641.85,0.7,20378.77
2009-7,2009,Jul,34.62,13.9,14.03,48.31,46.41,3213,11359,0.38,8498,22980.21,0.5,212,4418,0.06,3998,7716,0.7,1927,16657,0.16,2426,17388.21,0.19,691,3381.48,0.27,12,181.72,0.09,2397,6082.14,0.53,236,641.54,0.49,336.36,641.85,0.7,22534.69
2009-8,2009,Aug,34.68,14.72,14.43,50.82,52.21,1795,11359,0.21,8178,22980.21,0.48,172,4418,0.05,5278,7716,0.92,1622,16657,0.13,2236,17418.21,0.17,637,3385.86,0.25,24,181.72,0.18,2034,6082.13,0.45,236,647.46,0.49,343.37,649.95,0.71,21273.12
2009-9,2009,Sep,35.87,14.2,14.38,48.81,48.52,2689,11359,0.33,7385,22980.21,0.45,155,4418,0.05,4388,7716,0.79,1171,16657,0.1,2467,17418.21,0.2,492,3388.66,0.2,18,231.62,0.11,2337,6087.69,0.53,264,682.46,0.54,333.58,649.95,0.71,20629.98
2009-10,2009,Oct,35.78,14.1,14.92,51.9,52.43,3054,11359,0.36,6555,22980.21,0.38,105,3927,0.04,3958,7716,0.69,1458,16657,0.12,3125,17417.91,0.24,482,3395.55,0.19,23,231.62,0.13,2464,6080.84,0.54,325,682.46,0.64,360.96,649.95,0.75,20298.14
2009-11,2009,Nov,32.39,13.54,15.12,55.14,55.04,1998,11359,0.24,5522,22243,0.34,166,3927,0.06,3973,7716,0.72,2305,16657,0.19,4793,18554.01,0.36,345,3409.22,0.14,16,232.22,0.1,2571,5891.26,0.61,249,661.11,0.52,346.32,657.94,0.73,20503.14
2009-12,2009,Dec,30.43,13.53,15.25,56.3,53.24,1837,11359,0.22,6136,23066,0.36,165,3385,0.07,3950,7716,0.69,3564,16657,0.29,4921,18859.42,0.35,231,3416.98,0.09,11,232.22,0.06,2592,5905.86,0.59,252,662.22,0.51,366.48,657.94,0.75,22423.7
2010-1,2010,Jan,29.06,13.19,15.96,65.41,57.22,1696,11359,0.2,5308,23066,0.31,153,3008,0.07,4481,7716,0.78,5708,16657,0.46,4292,18985.32,0.3,249,3456.18,0.1,13,282.22,0.06,2661,5884.06,0.61,251,677.22,0.5,376.98,657.94,0.77,23585.3
2010-2,2010,Feb,27.68,13.04,17.84,58.11,55.82,1367,11359,0.18,4759,23066,0.31,127,3008,0.06,4636,7716,0.89,4456,16657,0.4,4622,19071.58,0.36,290,3490.76,0.12,12,282.22,0.06,2477,5927.64,0.62,226,677.58,0.5,315.47,657.94,0.71,21796.75
2010-3,2010,Mar,19.62,13.05,17.7,55.71,59.48,844,11359,0.1,4087,23066,0.24,23,3008,0.01,4878,7716,0.85,6198,16657,0.5,4547,19161.45,0.32,458,3523.1,0.17,24,282.22,0.11,2617,5931.7,0.59,246,679.64,0.49,350.08,657.94,0.72,22753.28
2010-4,2010,Apr,27.42,14.35,18.2,58.77,63.91,634,11359,0.08,4361,24360,0.25,106,3008,0.05,4894,7716,0.88,4932,16657,0.41,2635,19192.05,0.19,566,3563.15,0.22,37,282.22,0.18,2550,5935.28,0.6,253,680.94,0.52,345.63,657.94,0.73,20002.97
2010-5,2010,May,37.28,15.48,17.89,66.88,56.53,824,11359,0.1,4553,24375,0.25,164,3008,0.07,4418,7716,0.77,4059,16657,0.33,3619,19192.05,0.25,683,3609.62,0.25,69,332.22,0.28,2581,5937.67,0.58,275,680.94,0.54,350.18,657.94,0.72,20452.25
2010-6,2010,Jun,41.02,15.48,19.53,70,56.35,1323,11359,0.16,5475,24810,0.31,166,2860,0.08,4694,7716,0.84,3716,16657,0.31,2576,19274.65,0.19,657,3660.05,0.25,73,432.12,0.23,2542,5933.59,0.6,269,682.59,0.55,328.31,657.94,0.69,20418
2010-7,2010,Jul,43.65,14.34,19.61,69.83,56.97,2450,11359,0.29,6782,25242,0.36,138,2860,0.06,5400,7716,0.94,3037,16657,0.25,2798,19274.65,0.2,753,3743.39,0.27,105,432.12,0.33,2614,5935.58,0.59,268,682.59,0.53,374.38,657.94,0.76,23279
2010-8,2010,Aug,44,14.73,19.06,69.67,58.03,2836,11359,0.34,5737,25242,0.31,113,2860,0.05,5421,7716,0.94,2199,16657,0.18,2895,19274.65,0.2,692,3766.77,0.25,122,482.12,0.34,2153,5945.33,0.49,279,698.59,0.54,378.72,657.94,0.77,21502
2010-9,2010,Sep,46.44,15.39,19.43,68.93,58.73,2971,11359,0.36,6235,25242,0.34,138,2860,0.07,5067,7716,0.91,1694,16657,0.14,2301,19386.65,0.16,605,3776.97,0.22,101,482.12,0.29,2524,5955.91,0.59,263,698.59,0.52,352.25,657.94,0.74,20693
2010-10,2010,Oct,42.63,15.3,19.48,74.01,62.17,1987,11359,0.24,5278,25242,0.28,125,2860,0.06,5430,7716,0.95,1844,16657,0.15,3953,19386.65,0.27,526,3790.18,0.19,72,482.12,0.2,2647,5956.07,0.6,279,698.59,0.54,371.9,657.94,0.76,20402
2010-11,2010,Nov,40.93,14.79,18.25,79.69,64.36,1627,11380,0.2,5529,25220,0.3,167,2860,0.08,5095,7716,0.92,2837,16657,0.24,4348,19386.65,0.31,364,3824.81,0.13,32,532.02,0.08,2660,5956.07,0.62,269,698.59,0.53,366.47,657.94,0.77,21956
2010-12,2010,Dec,46.34,14.39,19.48,89.08,69.05,2040,11380,0.24,4851,25220,0.26,147,2860,0.07,4829,7716,0.84,4275,16657,0.34,4622,19813,0.31,297,3860.88,0.1,34,532.02,0.09,2763,5978.84,0.62,294,705.09,0.56,370.96,657.94,0.76,23397
2011-1,2011,Jan,41.19,14.54,20.21,88.46,69.33,2047,11380,0.24,5018,25235,0.27,0,2860,0,4719,7777,0.82,5401,17561,0.41,4019,20066.3,0.27,336,3883.11,0.12,34,731.82,0.06,2781,6054,0.62,357,716.52,0.67,382.24,657.94,0.78,23660
2011-2,2011,Feb,48.03,14.98,20.61,85.61,74.52,2466,11380,0.32,4626,25235,0.27,0,2860,0,4272,7777,0.82,3168,17561,0.27,4028,20066.3,0.3,481,3919.49,0.18,89,731.82,0.18,2596,6080,0.64,329,716.52,0.68,346.85,657.94,0.78,21314
2011-3,2011,Mar,46.7,16.49,20.14,90.2,82.24,2982,11380,0.35,3936,25235,0.21,0,2860,0,4332,7777,0.75,4070,17561,0.31,4691,20066.3,0.31,508,3952.9,0.17,98,731.82,0.18,2880,6053,0.64,349,734.34,0.64,381.83,657.94,0.78,22769
2011-4,2011,Apr,45.45,16.96,20.57,91.89,88.58,2443,11380,0.3,2780,25235,0.15,0,2860,0,4457,7777,0.8,3737,19459.99,0.27,3399,20066.3,0.24,631,3917,0.22,138,682,0.28,2688,6051,0.62,351,734.96,0.66,360.75,657.94,0.76,19272
2011-5,2011,May,48.9,16.78,21.23,88.85,82.08,2962,11380,0.35,4145,25245,0.22,0,2540,0,3641,7777,0.63,2905,19459.99,0.2,3166,20125.2,0.21,716,3955,0.24,154,799,0.26,2722,6053,0.6,329,735.46,0.6,367.05,657.94,0.75,20435
2011-6,2011,Jun,50,15.37,21.89,88.12,81.96,2727,11700,0.32,4838,25269,0.27,0,2540,0,4702,7777,0.84,2159,19459.99,0.15,2937,20175.14,0.2,777,3955,0.27,232,799,0.4,2577,6054,0.59,336,735.46,0.63,358.33,657.94,0.76,20855
2011-7,2011,Jul,52.18,12.7,22.9,88.55,83.93,4187,11700,0.48,4514,25269,0.24,0,2540,0,4823,7777,0.83,1762,19459.99,0.12,3255,20762,0.21,822,4013,0.28,284,849,0.45,2637,6055,0.59,358,735.46,0.65,364.45,657.94,0.74,22007
2011-8,2011,Aug,52.08,12.3,23.43,89.5,79.27,4070,11700,0.47,4687,25269,0.25,0,2540,0,5272,7777,0.91,1652,19459.99,0.11,2729,20836,0.18,766,4082,0.25,235,899,0.35,2201,6033,0.49,355,735.46,0.65,368.18,657.94,0.75,21557
2011-9,2011,Sep,58.47,11.8,23.87,88.84,80.6,4666,11700,0.55,4472,25269,0.25,0,2540,0,4983,7777,0.89,1362,19459.99,0.1,2323,20836,0.15,702,4082,0.24,229,899,0.35,2634,6105,0.6,375,720.84,0.72,357.55,657.94,0.75,20968
2011-10,2011,Oct,57.46,10.36,25.65,85.13,78.77,4283,11700,0.49,3710,25269,0.2,0,2540,0,4500,7777,0.78,1464,19459.99,0.1,3150,20734,0.2,602,3901,0.21,173,899,0.26,2759,6105,0.61,383,720.84,0.71,380.01,657.94,0.78,20206
2011-11,2011,Nov,48.38,9.26,26.72,82.84,79.38,3881,11700,0.46,3347,25269,0.18,0,2540,0,4547,7777,0.81,2376,19459.99,0.17,3820,20803,0.26,344,3935,0.12,80,949,0.12,2749,6105,0.63,375,723.8,0.72,367.88,657.94,0.78,20498
2011-12,2011,Dec,50.07,7.49,26.3,79.86,77.58,3790,11700,0.44,3340,25269,0.18,0,1492,0,4857,7777,0.84,2466,19459.99,0.17,4589,20843,0.3,405,3937,0.14,85,999,0.11,2827,6119,0.62,388,723.8,0.72,383.41,657.94,0.78,21732
2012-1,2012,Jan,51.06,7.17,26.86,83.51,86.18,5156,11700,0.59,4223,25269,0.22,0,1492,0,5172,7777,0.89,1947,19459.99,0.13,3646,21239,0.23,483,4271,0.15,117,1149,0.14,2931,6158,0.64,394,754.83,0.7,383.16,657.94,0.78,23003
2012-2,2012,Feb,53.48,8.68,26.41,76.69,93.1,5284,11700,0.67,3868,25269,0.23,0,1492,0,5146,7777,0.98,1491,19459.99,0.11,5015,21288,0.35,636,4279,0.22,200,1199,0.25,2781,6159,0.67,373,761.73,0.73,365.79,657.94,0.83,22725
2012-3,2012,Mar,47.56,7.8,27.12,75.19,97.67,4451,11700,0.51,3070,25269,0.16,0,1492,0,5472,7777,0.95,1578,19459.99,0.11,3806,21288,0.24,737,4302,0.23,235,1199,0.26,2916,6165,0.64,398,763.72,0.7,382.77,657.94,0.78,21311
2012-4,2012,Apr,41.21,7.06,26.66,75.23,93.49,2520,11700,0.3,2221,25269,0.12,0,1492,0,5201,7777,0.93,2050,19459.99,0.15,5306,21288,0.35,628,4317,0.2,178,1199,0.21,2815,6165,0.63,372,770.51,0.67,366.77,657.94,0.77,19447
2012-5,2012,May,43.58,6.79,27.37,68.12,85.76,3786,11700,0.43,2397,25269,0.13,0,1492,0,4487,7777,0.78,2759,19459.99,0.19,3708,21573,0.23,826,4334,0.26,348,1328,0.35,2846,6166,0.62,361,770.51,0.63,375.74,657.94,0.77,20300
2012-6,2012,Jun,53.5,7.25,27.79,67.1,73.85,5062,11620,0.61,3095,25269,0.17,0,1492,0,3504,7839,0.62,2303,19459.99,0.16,3429,21573,0.22,839,4357,0.27,415,1328,0.43,2682,6135,0.61,406,771.01,0.73,364.9,657.94,0.77,20781
2012-7,2012,Jul,50.29,7.52,28.59,69.32,79.92,4675,11620,0.54,3352,25269,0.18,0,1492,0,5099,7839,0.87,1868,19459.99,0.13,2982,21732,0.18,903,4390,0.28,541,1478,0.49,2783,6133,0.61,421,771.01,0.73,378.08,657.94,0.77,21691
2012-8,2012,Aug,49.34,7.6,27.34,73.4,88.08,4819,11620,0.56,3470,25291,0.18,0,1492,0,5458,7839,0.94,1591,19459.99,0.11,3127,21806,0.19,826,4438,0.25,485,1628,0.4,2350,6135,0.51,401,772.14,0.7,380.4,657.94,0.78,21550
2012-9,2012,Sep,47.59,7.8,27.69,70.36,87.87,3811,11620,0.46,2875,25291,0.16,0,1492,0,5300,7853,0.94,1306,19459.99,0.09,3937,21806,0.25,658,4446,0.21,369,1628,0.31,2741,6068,0.63,373,824.64,0.63,365.01,657.94,0.77,19922
2012-10,2012,Oct,45.68,7.89,27.14,67.32,87.09,4058,11620,0.47,3215,25291,0.17,0,1492,0,5396,7853,0.92,1672,19459.99,0.12,3130,21806,0.19,567,4479,0.17,286,1628,0.24,2904,6067,0.64,413,827.45,0.67,372.05,657.99,0.76,19819
2012-11,2012,Nov,42.07,7.47,25.73,68.95,84.97,3916,11620,0.47,2948,25291,0.16,0,1492,0,4070,7853,0.72,2262,19459.99,0.16,4605,22124,0.29,350,4510,0.11,134,1878,0.1,2846,6067,0.65,401,837.45,0.67,361.98,657.99,0.76,20285
2012-12,2012,Dec,41.73,6.74,27.1,70.11,85.22,3592,11248,0.43,2798,25291,0.15,0,1178,0,4361,7853,0.75,2998,19459.99,0.21,5450,22431,0.33,377,4538,0.11,136,1950,0.09,2899,6054,0.64,434,837.45,0.7,396.55,657.99,0.81,21398
2013-1,2013,Jan,50.5,5.36,26.69,65.37,85.19,2887,11248,0.34,2607,25291,0.14,0,1178,0,4583,7853,0.78,3386,19459.99,0.23,6292,22693,0.37,419,4543,0.12,113,1950,0.08,3001,6053,0.67,436,842,0.7,394.61,653,0.81,22512
2013-2,2013,Feb,45.04,4.71,26.61,66.05,87.38,2417,11248,0.32,1958,25291,0.12,0,1178,0,4426,7853,0.84,3894,19459.99,0.3,5341,22693,0.35,501,4561,0.16,204,2000,0.15,2690,6042,0.66,415,842,0.73,353.27,653,0.81,20643
2013-3,2013,Mar,25.88,4.18,26.4,65.06,81.88,1258,11248,0.15,1498,25340,0.08,0,1178,0,5210,7853,0.89,5078,19459.99,0.35,5749,22717,0.34,531,4623,0.15,125,2000,0.08,2882,6031,0.64,453,842,0.72,392.31,628,0.84,21331
2013-4,2013,Apr,18.17,3.94,27.45,61.78,77.17,904,11248,0.11,1121,25340,0.06,0,520,0,4459,7853,0.79,5759,19459.99,0.41,4397,22746,0.27,725,4640,0.22,301,2050,0.2,2783,6031,0.64,421,843,0.69,375.85,628,0.83,19512
2013-5,2013,May,43.45,3.56,27.29,62.08,77.27,1902,11248,0.23,1635,25340,0.09,0,520,0,3995,7853,0.68,4063,19459.99,0.28,3932,22746,0.23,833,4640,0.24,499,2050,0.33,2818,6031,0.63,438,843,0.7,384.3,628,0.82,19633
2013-6,2013,Jun,40.87,4.29,27.06,57.39,77.53,2464,11248,0.3,1379,25340,0.08,0,520,0,4335,7853,0.77,3418,19459.99,0.24,3827,22761,0.23,886,4640,0.27,647,2050,0.44,2651,6025,0.61,392,848,0.64,354.75,628,0.78,19254
2013-7,2013,Jul,51.16,4.25,26.12,56.3,81.32,5227,11294,0.62,2221,25289,0.12,0,520,0,5136,7866,0.88,2894,19459.99,0.2,2844,22978,0.17,930,4665,0.27,759,2150,0.47,2657,6059,0.59,432,731,0.79,366.33,629,0.78,21764
2013-8,2013,Aug,48.09,4.44,25.9,56.96,83.86,4374,11294,0.52,2366,25289,0.13,0,520,0,5025,7866,0.86,2306,19459.99,0.16,3411,23001,0.2,857,4646,0.25,662,2150,0.41,2097,6019,0.47,417,701,0.8,352.29,628,0.75,20652
2013-9,2013,Sep,50.2,5.25,25.2,58.77,84.08,4540,11294,0.56,2232,25298,0.12,0,520,0,4741,7866,0.84,1967,19459.99,0.14,3214,23001,0.19,725,4646,0.22,479,2150,0.31,2558,6019,0.59,398,701,0.79,347.19,628,0.77,19678
2013-10,2013,Oct,51.49,4.93,25.06,63.33,82.21,4032,11131,0.49,2535,25339,0.13,0,520,0,4342,7866,0.74,2082,19459.99,0.14,3964,23001,0.23,604,4646,0.17,294,2300,0.17,2617,6018,0.58,405,701,0.78,371.77,628,0.8,19827
2013-11,2013,Nov,41.81,4.54,26.04,63.38,81.33,2511,11131,0.31,2035,25353,0.11,0,520,0,4068,7866,0.72,3048,19459.99,0.22,6430,23001,0.39,490,4648,0.15,199,2300,0.12,2613,6019,0.6,414,701,0.82,365.42,628,0.81,20408
2013-12,2013,Dec,63.64,4.85,26.39,63.64,83.38,4660,11131,0.56,2773,25353,0.15,0,520,0,3987,7866,0.68,2783,19459.99,0.19,4943,22746,0.29,418,4648,0.12,158,2300,0.09,2670,6019,0.6,444,701,0.74,384.51,628,0.82,21685
2014-1,2014,Jan,33.62,5.07,25.88,63.11,81.28,2117,11131.23,0.26,1551,25352.77,0.08,0,520,0,4535,7866,0.77,4703,19459.99,0.32,6539,22864,0.38,353,4654,0.1,80,2300,0.05,2681,6021,0.6,424,718,0.79,386.94,628.78,0.83,22045
2014-2,2014,Feb,17.12,6.61,26.28,59.81,82.11,756,11131.23,0.1,1269,25352.77,0.07,0,520,0,4724,7866,0.89,6129,19459.99,0.47,5884,22864,0.38,406,4654,0.13,103,2300,0.07,1981,6038,0.49,331,718,0.69,208.73,628.78,0.49,20279
2014-3,2014,Mar,26.67,6.19,25.87,56.23,80.86,1149,11131,0.14,1284,25353,0.07,0,520,0,5289,7866,0.9,5644,19459.99,0.39,5050,22864,0.3,698,4654,0.2,385,2300,0.22,1894,6032,0.42,365,718,0.68,121.29,628.78,0.26,20762
2014-4,2014,Apr,26.44,5.3,25.7,57.84,81.08,1223,11131,0.15,1230,25353,0.07,0,520,0,5058,7866,0.89,5308,19459.99,0.38,3950,22864,0.24,753,4654,0.22,436,2300,0.26,1710,6032,0.39,339,738,0.64,66,628.78,0.15,18644
2014-5,2014,May,42.41,5.16,25.32,56.36,82.41,3178,11131,0.38,1423,25353,0.08,0,520,0,4341,7866,0.74,3096,19459.99,0.21,4135,22864,0.24,882,4655,0.25,730,2300,0.43,2060,6033,0.46,410,739,0.75,104.01,628.78,0.22,19472
2014-6,2014,Jun,50.95,5.63,25.17,54.78,84.23,5008,10972,0.63,1774,25353,0.1,0,520,0,3439,7866,0.61,2689,19459.99,0.19,3276,22864,0.2,863,4655,0.26,687,2300,0.41,2193,6033,0.5,406,739,0.76,117.99,628.78,0.26,19523
2014-7,2014,Jul,48.21,6,25.19,55.2,80.34,5378,10972,0.66,1860,25353,0.1,0,520,0,4263,7866,0.73,2522,19459.99,0.17,3592,22864,0.21,910,4655,0.26,811,2300,0.47,2251,6032,0.5,411,739,0.75,124.5,628.78,0.27,21122
2014-8,2014,Aug,49.91,6.29,25.1,57.95,76.61,5053,10972,0.62,2220,25353,0.12,0,520,0,4221,7886,0.72,2193,19459.99,0.15,2857,22864,0.17,872,4655,0.25,833,2300,0.49,2101,6032,0.47,445,739,0.81,129.33,628.78,0.28,20245
2014-9,2014,Sep,58.89,6.04,26.62,57.21,73.2,5684,10972,0.72,2659,25353,0.15,0,520,0,4806,7886,0.85,1958,19459.99,0.14,2133,22864,0.13,655,4655,0.2,390,2300,0.24,2253,6032,0.52,422,739,0.79,123.37,628.78,0.27,20335
2014-10,2014,Oct,55.11,6.1,25.69,54.6,65.75,4391,10972,0.54,2137,25353,0.11,0,520,0,5130,7886,0.87,1902,19459.99,0.13,3383,22864,0.2,617,4655,0.18,289,2300,0.17,2263,6032,0.5,388,739,0.71,129.34,628.78,0.28,20028
2014-11,2014,Nov,46.8,6.87,26.38,55.56,59.27,3148,10972,0.4,1929,25353,0.11,0,520,0,4369,7886,0.77,2777,19459.99,0.2,5072,22864,0.31,362,4655,0.11,90,2300,0.05,2068,6032,0.48,373,739,0.7,101,628.78,0.22,21354
2014-12,2014,Dec,47.47,6.99,26.42,54.03,47.02,4048,10972,0.5,2002,25353,0.11,0,520,0,4695,7886,0.8,3607,19459.99,0.25,4764,22864,0.28,432,4655,0.12,124,2300,0.07,2141,6032,0.48,404,739,0.73,118.97,628.78,0.25,22680
2015-1,2015,Jan,51.6,7.06,25.11,53.49,43.37,4900,10494.02,0.63,2227,24947.7,0.12,0,520,0,5243,7572.58,0.93,2886,19459.99,0.2,4912,22763.8,0.29,493,4432.43,0.15,177,2300,0.1,2223,6292.8,0.47,239,739,0.43,243,528.57,0.62,22663.46
2015-2,2015,Feb,42.57,7.33,24.49,54.46,52.37,2942,10494.02,0.42,1716,24947.7,0.1,0,520,0,4721,7572.58,0.93,3851,19462.34,0.29,5948,22763.8,0.39,469,4432.5,0.16,191,2300,0.12,1962,6292.8,0.46,206,739,0.41,223,528.57,0.63,20920.42
2015-3,2015,Mar,43.11,6.85,24.57,55.15,50.35,2591,10494.02,0.33,1625,24947.7,0.09,0,520,0,5206,7572.58,0.92,4171,19462.34,0.29,4865,22763.8,0.29,678,4432.72,0.21,416,2300,0.24,2118,6292.8,0.45,234,739,0.43,256,528.57,0.65,21091.67
2015-4,2015,Apr,45.36,7.13,24.19,53.57,53.66,2956,10494.02,0.39,1667,24947.7,0.09,0,520,0,4690,7572.58,0.86,2911,19462.28,0.21,3905,22763.9,0.24,718,4432.75,0.22,393,2300,0.24,2033,6290.3,0.45,180,739,0.34,187,528.57,0.49,18733.33
2015-5,2015,May,45.13,7.48,21.4,53.19,57.52,2829,10494.02,0.36,1601,24947.7,0.09,0,520,0,3554,7572.58,0.63,3189,19462.28,0.22,4800,22765.7,0.28,881,4432.99,0.27,695,2300,0.41,2122,6255.61,0.46,226,739,0.41,242,528.57,0.62,19829.05
2015-6,2015,Jun,54.74,7.5,21.71,52.27,55.44,5331,10494.02,0.71,1879,24947.7,0.1,0,520,0,3772,7572.58,0.69,2611,19462.28,0.19,2873,22766.33,0.18,848,4433.33,0.27,734,2300,0.44,2073,6247.96,0.46,276,739,0.52,255,528.57,0.67,20370.57
2015-7,2015,Jul,59.53,7.76,20.11,52.71,50.87,6063,10494.02,0.78,3407,24947.7,0.18,0,520,0,4799,7572.58,0.85,2166,19465,0.15,3053,22766.33,0.18,889,4433.45,0.27,889,2300,0.52,2167,6247.96,0.47,299,739,0.54,270,528.57,0.69,23465.76
2015-8,2015,Aug,55.6,8.11,20.07,51.01,42.4,5202,10494.02,0.67,2337,24947.7,0.13,0,520,0,4964,7572.58,0.88,1837,19465,0.13,3237,22766.33,0.19,794,4433.46,0.24,608,2300,0.36,2042,6228.59,0.44,311,742,0.56,271,528.57,0.69,20877.04
2015-9,2015,Sep,51.87,8.13,19.6,48.56,42.7,4598,10494.02,0.61,2000,24947.7,0.11,0,520,0,4874,7572.58,0.89,1764,19465,0.13,3003,22766.33,0.18,692,4433.83,0.22,483,2300,0.29,2154,6195.09,0.48,301,742,0.56,257,528.57,0.68,19591.98
2015-10,2015,Oct,49.89,8.4,20.15,46.99,43.69,4305,10494.02,0.55,2082,24947.7,0.11,0,520,0,4095,7572.58,0.73,1896,20342.95,0.13,3887,22766.33,0.23,510,4433.93,0.15,188,2300,0.11,2215,6195.09,0.48,310,742,0.56,276,528.57,0.7,19721.95
2015-11,2015,Nov,51.2,8.51,19.14,48.43,39.76,4578,10494.02,0.61,2094,24947.7,0.12,0,520,0,3973,7572.58,0.73,2164,20345.76,0.15,3700,22766.33,0.23,503,4433.99,0.16,227,2300,0.14,2129,6195.09,0.48,304,742,0.57,263,528.57,0.69,19866.76
2015-12,2015,Dec,52.61,8.32,19.9,43.25,34.1,4628,10494.02,0.59,2633,24947.7,0.14,0,520,0,4864,7572.58,0.86,1771,20372.52,0.12,3529,22766.33,0.21,369,4434.21,0.11,85,2300,0.05,2181,6195.98,0.47,286,742,0.52,242,528.57,0.62,20892.82
2016-1,2016,Jan,36.53,6.86,17.37,42.14,28.52,2561,10494.02,0.33,1875,24947.7,0.1,0,0,0,4616,7572.58,0.82,4259.57,20372.52,0.28,5605,22766.33,0.33,338,4434.22,0.1,60,2299.53,0.04,2128,6167.39,0.46,269,743,0.49,258,528.57,0.66,21466.47
2016-2,2016,Feb,27.5,5.17,16.35,39.8,29.29,1806,10048.5,0.27,1317,24947.7,0.08,0,0,0,3973,7572.58,0.78,4850.23,20372.52,0.35,6069,22770.83,0.4,453,4436.51,0.15,133,2299.53,0.09,1968,6167.72,0.47,261,743,0.52,236,528.57,0.66,20853.1
2016-3,2016,Mar,27.8,4.95,15.9,41.76,34.78,1691,9613.72,0.24,1366,24947.7,0.07,0,0,0,5192,7572.58,0.92,5079.84,20378.87,0.34,5410,22770.83,0.32,674,4436.57,0.2,388,2299.53,0.23,2069,6167.72,0.45,255,743,0.46,267,528.57,0.68,21498.13
2016-4,2016,Apr,24.1,5.7,13.42,41.13,37.55,904,9613.72,0.13,1172,24947.7,0.07,0,0,0,5056,7572.58,0.93,6023.22,20378.91,0.41,4415,22770.83,0.27,685,4436.65,0.21,408,2299.53,0.25,1992,6085.58,0.45,209,743,0.39,206,528.57,0.54,19925.32
2016-5,2016,May,25.79,5.98,13.29,43.23,42.4,1036,9561.89,0.15,1500,24947.7,0.08,0,0,0,3892,7572.58,0.69,5769.23,20379.19,0.38,3903,22770.83,0.23,767,4436.7,0.23,498,2299.53,0.29,2114,6082.64,0.47,276,743,0.5,161,528.57,0.41,19730.73
2016-6,2016,Jun,38.91,5.62,14.66,45.42,43.58,2044,9561.89,0.3,1884,24947.7,0.1,0,0,0,4819,7572.58,0.88,3476.56,20379.55,0.24,3227,22770.83,0.2,879,4436.72,0.28,814,2299.53,0.49,2167,6058.82,0.5,287,743,0.54,251,528.57,0.66,20227.72
2016-7,2016,Jul,40.53,4.65,15.3,51.49,40.62,3660,9561.89,0.51,2383,24947.7,0.13,0,0,0,5178,7572.58,0.92,2731.23,20379.55,0.18,3463,22772.5,0.2,874,4436.93,0.26,825,2299.53,0.48,2240,6052.32,0.5,311,743,0.56,307,528.57,0.78,22232.56
2016-8,2016,Aug,41.15,4.7,15.67,54.03,41.66,3390,9561.89,0.48,2016,24947.7,0.11,0,0,0,5152,7572.58,0.91,2521.75,20379.55,0.17,3602,22772.5,0.21,853,4437.3,0.26,806,2299.53,0.47,2110,6052.32,0.47,326,743,0.59,303,528.57,0.77,21434.35
2016-9,2016,Sep,43.6,4.32,16.81,55.9,41.92,4304,9561.89,0.63,2212,24947.7,0.12,0,0,0,5010,7572.58,0.92,2126.89,20379.55,0.14,2666,22804.06,0.16,728,4437.86,0.23,596,2299.53,0.36,2121,6013.46,0.49,307,743,0.57,299,528.57,0.79,20896.5
2016-10,2016,Oct,52.84,5.7,19.23,69.39,44.63,4284,9561.89,0.6,3374,24947.7,0.18,0,0,0,5096,7572.58,0.9,2166.79,20379.55,0.14,2376,22804.06,0.14,552,4438.28,0.17,285,2299.53,0.17,2290,6010.4,0.51,306,743,0.55,290,528.57,0.74,19891.4
2016-11,2016,Nov,56.13,5.64,21.91,78.3,40.38,4457,9561.89,0.65,3447,24947.7,0.19,0,0,0,3775,7572.58,0.69,2123.9,20379.55,0.14,3884,22806.06,0.24,399,4438.45,0.12,140,2299.53,0.08,2261,5985.81,0.52,304,743,0.57,270,516.63,0.73,20601.98
2016-12,2016,Dec,60.49,5.22,24.15,81.59,48.22,5042,9561.89,0.71,3315,24947.7,0.18,0,0,0,4337,7572.58,0.77,2470.08,20379.55,0.16,2701,22817.76,0.16,365,4438.67,0.11,128,2299.53,0.07,2291,5974.07,0.52,316,743,0.57,277,516.63,0.72,21344
2017-1,2017,Jan,71.49,5.24,36.76,78.58,48.47,5166.14,9561.89,0.73,2932.25,24947.7,0.16,0,0,0,5285.37,7572.58,0.94,2334.14,20379.55,0.15,4813.06,22817.76,0.28,448.58,4439.05,0.14,149.21,2299.53,0.09,2446.31,5960.17,0.55,326.2,743,0.59,281.59,524.63,0.72,23053
2017-2,2017,Feb,51.74,5.15,22.26,72.46,48.59,3326.57,9561.89,0.52,1526.5,24947.7,0.09,0,0,0,4768.27,7572.58,0.94,2220.14,20379.55,0.16,4925.49,22817.76,0.32,415.89,4439.15,0.14,88.74,2299.53,0.06,2202.8,5938.78,0.55,288.76,743,0.58,246.88,524.63,0.7,19887
2017-3,2017,Mar,43.18,5.11,16.83,64.98,45.62,1791.5,9561.89,0.25,1448.98,24947.7,0.08,0,0,0,5270.73,7572.58,0.94,2937.82,20379.79,0.19,4685.85,22817.76,0.28,674.69,4439.16,0.2,340.84,2299.53,0.2,2386.41,5938.78,0.54,268.65,743,0.49,269.04,524.63,0.69,20992
2017-4,2017,Apr,43.69,4.76,17.97,66.29,46.44,1901.82,9561.89,0.28,1247.4,24947.7,0.07,0,0,0,4928.75,7572.58,0.9,1913.78,20379.66,0.13,4176.95,22817.76,0.25,791.85,4438.9,0.25,535.26,2299.53,0.32,2231.19,5938.54,0.52,231.77,743,0.43,219.24,524.63,0.58,18804
2017-5,2017,May,47.14,4.7,18.06,66.61,44.47,3538.88,9561.89,0.5,1617.98,24947.7,0.09,0,0,0,4143.78,7572.58,0.74,2083.81,20379.88,0.14,3440.32,22817.99,0.2,826.91,4439.4,0.25,607.91,2299.53,0.36,2324.32,5932.47,0.53,297.62,743,0.54,209.85,524.63,0.54,20160
2017-6,2017,Jun,50.21,4.97,17.69,69.88,40.96,4289.04,9561.89,0.62,3174.76,24947.7,0.18,0,0,0,4049.54,7572.58,0.74,1729.61,20382.75,0.12,3149.19,22817.99,0.19,835.67,4439.53,0.26,761.9,2299.53,0.46,2312.12,5885.89,0.55,301.44,743,0.56,278.35,524.63,0.74,21680
2017-7,2017,Jul,48.64,5.27,16.91,73.05,42.8,4040.02,9561.89,0.57,3712.32,24947.7,0.2,0,0,0,4393.41,7572.58,0.78,1291.5,20382.71,0.09,3336.75,22817.98,0.2,866.47,4439.08,0.26,812.88,2299.53,0.48,2395.15,5861.21,0.55,332.24,743,0.6,269.52,524.63,0.69,22431
2017-8,2017,Aug,47.45,5.66,16.61,76.04,45.88,2977.33,9561.89,0.42,3479.84,24947.7,0.19,0,0,0,5080.29,7572.58,0.9,1196.95,20383.01,0.08,3295.55,22817.98,0.19,775.01,4439.2,0.23,692.44,2299.53,0.4,2253.35,5834.96,0.52,316.12,743,0.57,279.74,524.63,0.72,21789
2017-9,2017,Sep,49.16,6.81,17.69,80.86,49.57,2835.52,9561.89,0.41,3215.18,24947.7,0.18,0,0,0,4725.63,7572.58,0.87,1305.93,20383.01,0.09,2818.09,22817.98,0.17,732.05,4439.7,0.23,608.14,2299.53,0.37,2265.97,5834.96,0.54,309.12,743,0.58,275.5,524.63,0.73,20198
2017-10,2017,Oct,56.78,7.28,21.08,81.41,51.03,3917.78,9561.89,0.55,3923.21,24947.7,0.21,0,0,0,4317.53,7572.58,0.77,884.95,20383.01,0.06,3111.5,22819.52,0.18,635.72,4439.91,0.19,423.12,2299.53,0.25,2377.42,5822.84,0.55,319.55,743,0.58,294.99,524.63,0.76,20171
2017-11,2017,Nov,59.19,7.59,23.84,82.87,55.59,4678,9561.89,0.68,4619,24947.7,0.26,0,0,0,3613,7117.29,0.71,1023,20382.82,0.07,3880,22819.52,0.24,495,4439.99,0.15,231,2299.53,0.14,2451,5808.35,0.59,313,743,0.59,277,524.63,0.73,20894
2017-12,2017,Dec,57.94,7.56,26.38,83.76,57.18,4145,9561.89,0.58,3103,24947.7,0.17,0,0,0,5040,7117.29,0.95,1527,20382.82,0.1,5735,22857.52,0.34,393,4440.51,0.12,142,2299.53,0.08,2504,5808.35,0.58,323,743,0.58,286,524.63,0.73,22216
2018-1,2018,Jan,49.98,8.37,20.97,80.33,58.61,3020.07,9561.89,0.42,2254.63,24947.7,0.12,0,0,0,5096.33,7117.29,0.96,2194.6,20387.04,0.14,5291.42,22857.52,0.31,418.42,4440.62,0.13,112.39,2304,0.07,2480.61,5799.43,0.57,295.35,743,0.53,295.84,524.63,0.76,22595.73
2018-2,2018,Feb,54.88,9.5,21.47,71.26,55.39,3488.69,9561.89,0.54,1950.72,24947.7,0.12,0,0,0,4592.32,7117.29,0.96,2388.86,20393.34,0.17,4633.94,22859.87,0.3,487.85,4454.01,0.16,229.81,2304,0.15,2251.53,5799.43,0.58,300.79,743,0.6,266.41,524.63,0.76,21274.78
2018-3,2018,Mar,40.18,11.57,23.44,66.57,56.18,1310.68,9561.89,0.18,1248.04,24947.7,0.07,0,0,0,4488.92,7117.29,0.85,4401.32,20393.34,0.29,7651.23,22859.87,0.45,555.92,4454.12,0.17,233.96,2304,0.14,2335.55,5799.43,0.54,270.59,743,0.49,281.3,524.63,0.72,22050.17
2018-4,2018,Apr,42.68,13.39,21.16,68.99,61.01,1360.59,9561.89,0.2,1200.66,24947.7,0.07,0,0,0,3812.59,7117.29,0.74,4717.02,20393.35,0.32,4411.14,22870.24,0.27,664.77,4455.53,0.21,325.94,2304,0.2,2353.59,5799.93,0.56,237.14,743,0.44,236.39,524.63,0.63,19921.53
2018-5,2018,May,54.94,14.82,22.48,76,65.19,2254.33,9561.89,0.32,1968.43,24947.7,0.11,0,0,0,3728.67,7117.29,0.7,3521.33,20393.39,0.23,3258.1,22872.74,0.19,778.09,4458.75,0.23,477.21,2304,0.28,2422.95,5793.93,0.56,290.87,743,0.53,161.37,524.63,0.41,20080.18
2018-6,2018,Jun,58.45,15.19,23.02,81.15,63.21,2273.65,9561.89,0.33,2180.13,24947.7,0.12,0,0,0,3591.59,7117.29,0.7,3710.88,20393.39,0.25,2571.69,22872.74,0.16,779.94,4459.3,0.24,551.29,2304,0.33,2403.65,5794.39,0.58,303.75,743,0.57,226.22,524.63,0.6,20323.2
2018-7,2018,Jul,61.88,16.39,25.32,84.41,62.77,3487.59,9561.89,0.49,2229.28,24947.7,0.12,0,0,0,4471.02,7117.29,0.84,3025.83,20393.47,0.2,2478.59,22872.74,0.15,890.97,4459.52,0.27,858.9,2304,0.5,2436.54,5794.39,0.57,323.39,743,0.59,264.39,524.63,0.68,22175.82
2018-8,2018,Aug,64.33,18.93,26.38,82.12,61.31,3495.89,9561.89,0.49,2663.01,24561.85,0.15,0,0,0,5135.72,7117.29,0.97,2104.56,20393.47,0.14,3064.85,22940.74,0.18,806.33,4464.61,0.24,688.56,2304,0.4,2361.24,5795.59,0.55,316.44,743,0.57,260.41,524.63,0.67,21979.04
2018-9,2018,Sep,71.26,21.47,29.11,84.91,66.72,4104.84,9561.89,0.6,2148.66,24561.85,0.12,0,0,0,5013.03,7117.29,0.98,1926.46,20393.47,0.13,2404.04,22940.74,0.15,686.53,4464.71,0.21,465.64,2304,0.28,2408.12,5795.59,0.58,319.41,743,0.6,253.76,524.63,0.67,20738.22
2018-10,2018,Oct,65.09,19.58,26.93,84.19,68.46,3364.83,9561.89,0.47,2501.97,24561.85,0.14,0,0,0,5150.67,7117.29,0.97,1460.27,20393.47,0.1,4295.78,22958.74,0.25,539.81,4464.9,0.16,292.49,2304,0.17,2519.68,5795.59,0.58,296.76,743,0.54,268.35,524.63,0.69,20285.43
2018-11,2018,Nov,61.97,19.22,26.06,75.86,54.94,3875.33,9561.89,0.56,3160.86,24561.85,0.18,0,0,0,3829.98,7117.29,0.75,2160.64,20393.47,0.15,4525.95,22961.74,0.27,352.62,4467.23,0.11,78.58,2304,0.05,2472.1,5795.59,0.59,292.57,743,0.55,253.54,524.63,0.67,20904.14
2018-12,2018,Dec,61.81,22.87,25.33,73.36,47.38,2845.27,9561.89,0.4,2896.69,24561.85,0.16,0,0,0,4286.76,7117.29,0.81,2485.02,20393.47,0.16,4315.03,23011.69,0.25,401.5,4518.5,0.12,109.58,2304,0.06,2529.22,5795.59,0.59,299.07,743,0.54,260.67,524.63,0.67,21167.01
2019-1,2019,Jan,61.99,23.43,25.25,72.52,52.94,3075.01,9561.89,0.43,3198.74,24561.86,0.18,0,0,0,5041.39,7117.29,0.95,2126.92,20393.47,0.14,5970.68,23051.06,0.35,482.13,4577.15,0.14,166.15,2304.01,0.1,2671.46,5726.77,0.63,303.48,885.92,0.46,260.1,518.11,0.67,23296.6
2019-2,2019,Feb,54.01,21.12,21.07,65.88,57.37,2246.78,9561.89,0.32,2453.21,24561.86,0.13,0,0,0,4766.79,7117.29,0.9,2483.14,20393.47,0.16,3646.8,23094.26,0.21,604.08,4755,0.17,261.98,2304.01,0.15,2391.37,5719.72,0.56,284.8,886.98,0.43,242.64,518.11,0.63,20154.6
2019-3,2019,Mar,48.83,22.06,18.1,62.61,59.13,824.64,9215.05,0.12,2129.01,24561.86,0.12,0,0,0,5274.75,7117.29,1,2132.15,20427.57,0.14,4823.65,23094.26,0.28,775.98,4759.21,0.22,477.85,2304.01,0.28,2591.31,5705.28,0.61,309.41,887.04,0.47,268.14,518.11,0.7,20726.9
2019-4,2019,Apr,50.4,25.8,16.77,55.05,63.67,722.93,9215.05,0.11,2714.25,24561.86,0.15,0,0,0,4621.66,7117.29,0.87,1924.96,20427.57,0.13,4595.92,23143.96,0.27,667.67,5253.08,0.17,379.27,2304.01,0.22,2489.57,5701.11,0.59,274.25,889.04,0.41,239.52,518.11,0.62,19514.05
2019-5,2019,May,48.39,25.6,14.61,51.39,63.58,342.71,9215.05,0.05,3899.5,24561.86,0.21,0,0,0,3976.92,7117.29,0.75,1934.73,20427.59,0.13,4581.02,23195.91,0.27,897.53,5307.85,0.23,741,2304.01,0.43,2544.85,5696.87,0.6,282.13,936.03,0.41,191.13,518.11,0.5,19899.14
2019-6,2019,Jun,47.18,25.24,13.39,43.88,57.72,416.3,9215.05,0.06,5107.46,24561.86,0.28,0,0,0,4647.88,7117.29,0.88,1626.09,20427.59,0.11,3212.25,23234.62,0.19,895.43,5492.66,0.22,775.06,2304.01,0.45,2419.82,5689.99,0.57,285.59,936.03,0.41,219.52,518.11,0.57,19970.84
2019-7,2019,Jul,51.46,27.98,14.08,51.29,57.11,661.9,9215.05,0.1,6956.63,24561.86,0.38,0,0,0,5123.11,7117.29,0.97,1581.57,20427.59,0.1,3281.91,23289.89,0.19,958.51,5745.97,0.22,722.87,2304.01,0.42,2457.55,5685.76,0.58,325.69,936.23,0.47,226.92,518.11,0.59,22701.2
2019-8,2019,Aug,44.96,26.96,12.07,51.05,52.86,341.4,9215.05,0.05,7016.58,24561.86,0.38,0,0,0,5068.14,7117.29,0.96,1254.44,20427.59,0.08,2731.93,23640.01,0.16,972.52,6063.96,0.22,745.5,2304.01,0.43,2354.27,5685.76,0.56,320.62,936.23,0.46,248.46,518.11,0.64,21177.25
2019-9,2019,Sep,42.12,25.75,11.84,52,55.96,443.18,9215.05,0.06,5427.27,24561.86,0.3,0,0,0,4995.51,7117.29,0.94,1224.8,20427.59,0.08,3793.21,23989.39,0.21,826.34,6311.86,0.18,454.73,2304.01,0.27,2352.86,5682.02,0.56,301.52,936.23,0.43,251.74,518.11,0.65,19936.18
2019-10,2019,Oct,47.16,24.73,13.12,52.6,53.52,675.63,9215.05,0.1,5623.03,24561.86,0.31,0,0,0,4530.67,7117.29,0.86,1119.2,20427.59,0.07,3719.34,24627.51,0.2,758.15,7185.18,0.14,303.09,2304.01,0.18,2483.37,5682.02,0.59,309.89,986.23,0.42,231.35,518.11,0.6,20155.46
2019-11,2019,Nov,42.19,24.56,13.4,50.44,56.53,548.23,9215.05,0.08,3859.06,24561.86,0.21,0,0,0,3427.53,7117.29,0.65,2657.44,20427.66,0.17,7316.87,24884.35,0.4,497.89,8347.81,0.08,69.97,2304.01,0.04,2465.2,5676.58,0.58,308.26,1036.14,0.4,204.73,518.11,0.53,20817.23
2019-12,2019,Dec,33.8,25.36,12.13,48.42,60.28,374.12,9215.05,0.05,2755.64,24561.86,0.15,0,0,0,4350.07,7117.29,0.82,4626.22,20427.66,0.3,5394.24,25248.89,0.29,487.56,8534.31,0.08,68.98,2304.01,0.04,2334.64,5676.58,0.55,299.68,1036.14,0.39,226.33,518.11,0.59,20907.16
2020-1,2020,Jan,41.1,24.5,11.9,44.88,56.25,869.06,9215.05,0.13,3272.28,24561.86,0.18,0,0,0,5289.15,7117.29,1,3729.04,20427.66,0.25,4566.3,25283.18,0.24,600.91,8656.03,0.09,85.97,2304.01,0.05,2436.49,5676.58,0.58,334.23,1085.64,0.41,213.16,518.11,0.55,22577.22
2020-2,2020,Feb,35.87,24.18,9.87,42.49,48.96,822.66,9215.05,0.12,2388.36,24561.86,0.13,0,0,0,4885.68,7117.29,0.92,2838.34,20427.66,0.19,4177.81,25291.01,0.22,944.42,8698.02,0.15,227.96,2304.01,0.13,2231.56,5676.58,0.53,346.69,1085.14,0.43,219.52,518.11,0.57,19840.09
2020-3,2020,Mar,27.73,19.89,8.66,41.94,28.6,476.52,9215.05,0.07,1386.24,24561.86,0.08,0,0,0,5174.95,7117.29,0.98,3112.66,20427.66,0.2,5503.3,25663.84,0.29,1036.15,9203.07,0.15,235.97,2304.01,0.14,2231.36,5671.92,0.53,345.27,1085.14,0.43,217.49,518.11,0.56,19804.18
2020-4,2020,Apr,17.63,20.09,7.43,39.37,16.85,306.84,9215.05,0.04,1730.73,24561.86,0.09,0,0,0,4085.6,7117.29,0.77,2861.68,20427.66,0.19,3639.42,25682.04,0.19,1114.67,9289.59,0.16,206.87,2304.01,0.12,1925.77,5670.97,0.46,336.75,1085.14,0.42,163.98,518.11,0.43,16158.81
2020-5,2020,May,21.3,20.04,5.39,33.55,25.65,244.58,9215.05,0.04,2017.86,24561.86,0.11,0,0,0,3078.98,7117.29,0.58,2859.34,20427.66,0.19,3893.53,25875.49,0.2,1593.67,9504.88,0.23,552.48,2304.01,0.32,2084.47,5670.97,0.49,386.39,1085.14,0.48,170.29,518.11,0.44,17362.42
2020-6,2020,Jun,30.62,23.55,6.44,38.67,35.31,362.74,9215.05,0.05,3556.67,24561.86,0.19,0,0,0,3621.38,7117.29,0.68,2261.99,20427.66,0.15,3239.76,25998.04,0.17,1758.55,9662.76,0.24,711.65,2304.01,0.42,2185.89,5670.97,0.52,378.81,1085.14,0.47,161.7,518.11,0.42,18353.27
2020-7,2020,Jul,34.63,27.53,6.44,43.26,37.87,303.34,9215.05,0.04,5829.9,24561.86,0.32,0,0,0,5159.02,7117.29,0.97,1836.79,20427.66,0.12,4098.97,26088.86,0.21,1862.43,9930.05,0.25,796.17,2304.01,0.46,2299.62,5669.98,0.55,348.45,1085.14,0.43,161.59,518.11,0.42,21941.1
2020-8,2020,Aug,36.2,26.87,9.24,43.17,39.11,338.35,8159.28,0.06,5051.18,24561.86,0.28,0,0,0,5151.92,7117.29,0.97,1885.87,20428.13,0.12,3508.45,26284.96,0.18,1778.29,9965.31,0.24,744.54,2304.01,0.43,2191.55,5669.98,0.52,367.61,1085.14,0.46,245,518.11,0.64,20739.94
2020-9,2020,Sep,41.95,27.8,11.43,45.85,35.79,282.55,8159.28,0.05,4546.48,24561.86,0.25,0,0,0,4871.21,7117.29,0.92,1678.33,20428.13,0.11,3962.24,26475,0.2,1426.72,10431.98,0.18,452.16,2304.01,0.26,2304.53,5669.98,0.55,394.86,1085.14,0.49,232.4,518.11,0.6,19375.49
2020-10,2020,Oct,36.56,25.18,13.39,49.24,35.05,235.11,6596.94,0.05,2791.43,24561.86,0.15,0,0,0,4528.34,7117.29,0.86,1889.58,20428.13,0.12,5668.73,26603.14,0.29,1273.97,10835.91,0.16,340.27,2304.01,0.2,2351.53,5665.32,0.56,413.99,1084.47,0.51,221.47,508.43,0.59,19586.36
2020-11,2020,Nov,41.94,26.56,14.23,47.24,37.22,336.4,5977.88,0.08,3221.31,24561.86,0.18,0,0,0,4639.76,7117.29,0.88,2410.88,20428.13,0.16,4153.05,26934.53,0.21,783.09,11161.11,0.09,108.05,2304.01,0.06,2387.85,5665.12,0.57,393.05,1084.47,0.49,248.3,508.43,0.66,19585.9
2020-12,2020,Dec,41.97,31.05,18.06,58,43.94,222.17,5492.03,0.05,2564.97,24561.86,0.14,0,0,0,5270.81,7117.29,1,3180.68,20427.56,0.21,7363.21,27030.53,0.37,712.62,11493.21,0.08,76.22,2304.01,0.04,2288.11,5660.66,0.54,421.83,1084.47,0.52,246.2,508.43,0.65,21200.29
2021-1,2021,Jan,60.17,33.54,28.31,56.2,45.13,558.55,5144.33,0.15,2188.3,24561.85,0.12,0,0,0,5199.79,7118.29,0.98,4375.9,20427.56,0.29,7013.46,27030.53,0.35,820.88,11575.71,0.1,102.63,2304.01,0.06,2400.33,5656.63,0.57,389.6,1084.47,0.48,227.19,508.43,0.6,22742.35
2021-2,2021,Feb,28.49,37.96,16.97,54.94,51.72,177.07,4642.52,0.05,1086.84,24561.85,0.06,0,0,0,4358.52,7119.29,0.82,4916.98,20423.06,0.32,6235.57,27119.78,0.31,944.6,11835.41,0.11,138.18,2304.01,0.08,1835.77,5656.63,0.44,364.09,1084.47,0.45,219.21,534.01,0.55,19211.18
2021-3,2021,Mar,45.45,40.96,17.46,56.32,54.46,242.91,4642.52,0.07,1649.42,24561.85,0.09,0,0,0,4833.14,7120.29,0.91,4043.83,20423.06,0.27,5521.44,27140.78,0.27,1648.19,12089.89,0.18,355.02,2304.01,0.21,2247.92,5656.63,0.53,358.01,1084.47,0.44,233.45,534.01,0.59,20731.2
2021-4,2021,Apr,65.02,45.2,20.94,58.6,53.51,270.94,4642.52,0.08,2865.86,24561.85,0.16,0,0,0,4197.33,7121.29,0.79,2895.33,20423.06,0.19,4041.38,27180.68,0.2,1618.8,12214.16,0.18,266.78,2304.01,0.16,2187.74,5645.53,0.52,391.13,1084.47,0.48,234.05,534.01,0.59,18848.09
2021-5,2021,May,67.12,52.26,24.9,69.59,56.74,333.46,4642.52,0.1,2004.72,24561.85,0.11,0,0,0,4373.25,7122.29,0.83,2394.53,20423.06,0.16,4619.95,27207.98,0.23,2327.74,12254.09,0.26,645.62,2304.01,0.38,2180.31,5645.53,0.52,392.71,1086.99,0.49,223.75,534.01,0.56,19213.12
2021-6,2021,Jun,83.3,52.89,28.68,89.76,60.54,431.99,4642.52,0.13,3136.25,24561.85,0.17,0,0,0,3684.38,7123.29,0.7,2283.86,20423.06,0.15,3532.94,27255.13,0.17,2265.44,12253.39,0.25,655.36,2304.01,0.38,2158.39,5643.58,0.51,357.15,1086.99,0.44,247.59,534.01,0.62,19501.52
2021-7,2021,Jul,92.42,53.28,36.03,100.91,63.84,309.69,4642.52,0.09,3056.99,24561.85,0.17,0,0,0,5120.41,7124.29,0.97,2228.63,20423.06,0.15,4111.53,27259.46,0.2,2527.56,12786.46,0.27,879.93,2304.01,0.51,2302.82,5628.64,0.55,357.34,1084.79,0.44,276.16,534.01,0.7,21731.87
